{
 "item": [
  {
   "title": "Stylowy Klosz Szklany do Lamp E14",
   "desc": "Różowy klosz ze szkła oprawka E14\nKlosz, który nada lampie niepowtarzalnego charakteru i ozdobi Twoją aranżację wnętrz. Oprawa prezentuje się rewelacyjnie zarówno w nowoczesnych jak i klasycznych pomieszczeniach. Wyjątkowy kształt i subtelny, różowy kolor nadadzą wdzięku i przytulności Twoim wnętrzom.\nDo jakich pomieszczeń najbardziej pasuje stylowy klosz?\nOprawa nada się do eleganckiego salonu, jadalni, nowoczesnej sypialni, kuchni, a nawet pokoju dziecięcego. Klosz świetnie łączy się z chromowanymi oraz kolorowymi konstrukcjami lamp. Oprawa pasuje do lamp sufitowych i wiszących.\nJakie praktyczne funkcje posiada klosz?\nKlosz został wykonany z wysokiej jakości szkła, dzięki czemu oprawa jest wytrzymała i odporna na uszkodzenia. Klosz dedykowany jest do lamp zasilanych żarówkami E14. Szeroki wybór oświetleń z tego rodzaju zasilaniem, pozwoli Ci z łatwością wybrać lampę idealnie oddającą charakter Twoich wnętrz.",
   "price": "11,00",
   "image_url": "https://light-home.pl/2781-thickbox_default/stylowy-klosz-szklany-do-lamp-e14.jpg"
  },
  {
   "title": "Kwadratowy Klosz Szklany Oprawka E14",
   "desc": "Szklany klosz w kształcie kwadratu na oprawkę E14\nChcesz mieć w sowim domu stylową i zarazem funkcjonalną dekorację? Klasyczna, minimalistyczna forma klosza świetnie komponuje się z każdym stylem pomieszczenia – od nowoczesnych po aranżacje retro.\nW jakich pomieszczeniach najlepiej będzie wyglądać nowoczesny klosz?\nOprawa, dzięki uniwersalnym kolorom, dopasowuje się do każdego stylu pomieszczenia. Ponadto łatwo łączy się z kolorowymi oraz z chromowanymi konstrukcjami lamp. Pełną dowolność masz również w wyborze oświetlenia do klosza. Oprawa pasuje zarówno do lamp wiszących, sufitowych jak i żyrandoli klasycznych.\nJakie zalety posiada oryginalny klosz?\nOprawa wykonana jest z wysokiej jakości szkła, co zapewnia długą użyteczność klosza. Dedykowane lampy do oprawy to te zasilane żarówkami E14. Jest to popularny rodzaj źródeł zasilania, co pozwala na łatwe skomponowanie oświetlenia idealnie pasującego na wnętrz.",
   "price": "9,00",
   "image_url": "https://light-home.pl/2784-thickbox_default/kwadratowy-klosz-szklany-oprawka-e14.jpg"
  },
  {
   "title": "Szklany Klosz Metalowa Ramka Chrom E27",
   "desc": "Stylowy szklany klosz z chromowaną ramką oprawka E27\nPrezentowany klosz znakomicie ozdobi zarówno wnętrza nowoczesne jak i klasyczne. Minimalistyczna forma połączona z szarością i chromowana ramką dają oprawę oświetleniową, która rewelacyjnie prezentuje się z każdym rodzajem lampy.\nDo jakich wnętrz najbardziej pasuje stylowy klosz?\nAbsolutnie do wszystkich! Oprawa nada elegancji salonowi, jadalni, kuchni, sypialni i wielu innymi pomieszczeniom. Dzięki zastosowaniu metalowej ramki, klosz idealnie komponuje się z lampami chromowanymi.\nJakie zalety posiada nowoczesny klosz?\nKlosz został wykonany z wysokiej jakości szkła, dlatego możesz mieć pewność, że oprawa będzie pełniła swoje funkcje bardzo długi czas. Klosz dedykowany jest do lamp zasilanych żarówkami typu E27. Jest to najbardziej popularny rodzaj źródeł światła, dlatego bez problemu skomponujesz idealne oświetlenie oddające charakter Twoich wnętrz.",
   "price": "15,00",
   "image_url": "https://light-home.pl/2787-thickbox_default/szklany-klosz-metalowa-ramka-chrom-e27.jpg"
  },
  {
   "title": "Szklany Stylowy Klosz do Lamp Oprawka E27 Kwadrat",
   "desc": "Kwadratowy szklany klosz oprawka E27\nKlasyczny, a zarazem wyjątkowy klosz, który nada Twoim wnętrzom niepowtarzalnego klimatu. Szary kolor i kwadratowy kształt świetnie podkreślą surowy charakter nowoczesnego wystroju wnętrz, a pomieszczenia w klasycznym stylu delikatnie stonuje.\nGdzie najlepiej prezentuje się nowoczesny klosz?\nLampa udekorowana kwadratowymi kloszami może ozdabiać Twoją sypialnię, salon, kuchnię, jadalnię, a nawet biuro. Uniwersalna szarość znakomicie komponuje się z każdym innymi kolorem. Klosz wygląda świetnie z lampami wiszącymi i sufitowymi.\nJakie zalety posiada stylowy klosz?\nOgromnym atutem klosza jest wysoka jakość szkła, z jakiego został wykonany. Dzięki niemu możesz mieć pewność, że lampa posłuży Ci przez bardzo ługi czas. Oprawka dedykowana jest do lamp zasilanych żarówkami E27. Duża popularność tego rodzaju gwintu umożliwia szybkie znalezienie idealnej lampy pasującej do klosza i do aranżacji.",
   "price": "15,00",
   "image_url": "https://light-home.pl/5610-thickbox_default/szklany-stylowy-klosz-do-lamp-oprawka-e27-kwadrat.jpg"
  },
  {
   "title": "Klosz ze Szkła Owalny E27 Chrom Metal Ramka",
   "desc": "Oryginalny klosz ze szkła na oprawkę E27\nKlasyczny i elegancki design klosza sprawi, że Twoje wnętrza będą zachwycać niebanalnym stylem! Efektowne wzory dodadzą elegancji zarówno klasycznym jak i nowoczesnym aranżacjom wnętrz.\nDo jakich pomieszczeń pasuje szklany klosz?\nOprawa wygląda rewelacyjnie zestawiona z lampami sufitowymi, wiszącymi, kinkietami czy lampami stojącymi. Dzięki jasnej barwie klosza i srebrnej ramce, konstrukcja lampy może być chromowana, a także kolorowa. Kształt jak i zdobienia klosza czynią go odpowiednim zarówno do klasycznych wnętrz, którym doda wytworności oraz do nowoczesnych aranżacji, gdzie ożywi stonowany wystrój.\nakie funkcje posiada oryginalny szklany klosz?\nKlosz został wykonany z wysokiej jakości szkła, co zapewnia wytrzymałość i odporności oprawki na uszkodzenia. Klosz dedykowany jest do lamp, które zasilane są żarówkami E27. Jest to bardzo popularny typ gwintu źródeł światła, dzięki czemu bez problemu skomponujesz oświetlenie idealnie pod swoją aranżację wnętrz.",
   "price": "15,00",
   "image_url": "https://light-home.pl/5613-thickbox_default/klosz-ze-szkla-owalny-e27-chrom-metal-ramka.jpg"
  },
  {
   "title": "Klasyczny Klosz Szklany Biały Lampy E27",
   "desc": "Biały klosz ze szkła oprawka E27\nStylowy klosz, który pasuje do wielu typów aranżacji wnętrz. Ciekawy kształt i elegancka biel oddadzą charakter zarówno klasycznych jak i nowoczesnych pomieszczeń. Klosz pasuje do wszystkich lamp z gwintem E27.\nW jakich pomieszczeniach szklany klosz będzie prezentował się najlepiej?\nOprawa oświetleniowa świetnie komponuje się z lampami sufitowymi, którym nadaje eleganckiego i wytwornego charakteru. Takie zestawienie sprawdzi się w roli oświetlenia do salonu, jadalni czy kuchni. Klosz zamontowany w lampie wiszącej pasować będzie również do nowoczesnych aranżacji wnętrz. Biały kolor oprawy znakomicie komponuje się zarówno z chromowaną jak i kolorową konstrukcją lampy.\nJakie zalety posiada biały klosz?\nOprawa wykonana została z najlepszej jakości szkła, co zapewnia radość z użytkowania klosza na bardzo długi czas. Oprawa pasuje do wszystkich rodzajów lamp z gwintem na żarówki E27. Jest to najpopularniejszy gwint, dzięki czemu z łatwością znajdziesz lampę idealnie pasującą do prezentowanego klosza.",
   "price": "15,00",
   "image_url": "https://light-home.pl/5615-thickbox_default/klasyczny-klosz-szklany-bialy-lampy-e27.jpg"
  },
  {
   "title": "Klosz E27 Szklany we Wzory Stylowy do Lamp",
   "desc": "Szklany klosz we wzory na oprawkę E27\nMarzysz o stylowych i eleganckich wnętrzach? Odpowiednie oświetlenie pomoże Ci osiągnąć upragnioną aranżację. Prezentowany klosz w połączeniu z każdym rodzajem lampy da niesamowity efekt, który rewelacyjnie ozdobi Twoje wnętrza.\nW jakich pomieszczeniach stylowy klosz prezentuje się najlepiej?\nOprawa ozdobi zarówno wnętrza urządzone w klasycznym jak i nowoczesnym stylu. Jasny kolor klosza znakomicie ożywi surowy design pomieszczeń, a oryginalne zdobienia w postaci pasków delikatnie stonują aranżację. Klosz wygląda rewelacyjnie zestawiony z lampami sufitowymi i wiszącymi. Z prezentowaną oprawką komponuje się każdy kolor konstrukcji lampy.\nJakie zalety posiada stylowy klosz?\nOprawa została wykonana z wysokiej jakości szkła, dzięki czemu masz pewność, że klosz będzie pełnił swoje funkcje przez długi czas. Oprawa dedykowana jest do lamp zasilanych żarówkami E27.",
   "price": "15,00",
   "image_url": "https://light-home.pl/5619-thickbox_default/klosz-e27-szklany-we-wzory-stylowy-do-lamp.jpg"
  },
  {
   "title": "Szklany Klosz do Lamp Designerski E27 Oprawka",
   "desc": "Szklany biały klosz na oprawkę E27\nKlasyczny i stylowy wygląd klosza rewelacyjnie udekoruje każde pomieszczenie! Biały kolor w połączeniu z nietypowym kształtem tworzą oprawę na żarówkę, która wspaniale komponuje się z klasycznymi oraz z nowoczesnymi aranżacjami wnętrz.\nW jakich pomieszczeniach szklany klosz wygląda najlepiej?\nKlosz zamontowany w eleganckiej lampie sufitowej pomoże Ci osiągnąć wytworną i stylową aranżację wnętrz. Natomiast oprawa zestawiona z lampą wiszącą utworzy duet idealny do pomieszczeń w nowoczesnym stylu. Biały kolor klosza pozwala na łączenie go z każdą barwą konstrukcji lampy.\nJakie funkcje posiada elegancki klosz?\nDo produkcji oprawy wykorzystano najwyższej jakości szkło, dzięki czemu masz pewność, że klosz będzie dekorował Twoje wnętrza przez długi czas. Oprawa pasuje na każdą lampę z gwintem E27. Dzięki ogromnej popularności żarówek tego typu, z łatwością wybierzesz oświetlenie idealnie komponujące się z kloszem oraz ze stylem Twojego pomieszczenia.",
   "price": "17,00",
   "image_url": "https://light-home.pl/5621-thickbox_default/szklany-klosz-do-lamp-designerski-e27-oprawka.jpg"
  },
  {
   "title": "Klosz Szklany w Stylowe Paski Wzory Szkło E27 Lampy",
   "desc": "Szklany klosz w stylowe szare wzory E27\nCzy wiesz, że niewielka zmiana może całkowicie odmienić wygląd oraz charakter pomieszczenia? Zachęcamy Cię do eksperymentowania z wystrojem wnętrz. Warto wprowadzać do aranżacji drobne zmiany, ponieważ dadzą nam poczucie ciągłej nowości, świeżości mieszkania. Niewielką zmianą, która da spore efekty jest wymiana kloszy w swojej lampie. Szklany klosz w drobne, szare paski nada oświetleniu zupełnie innego charakteru. Twoje pomieszczenie zyska nowy, bardziej elegancki i designerski styl.\nW jakich wnętrzach najlepiej wygląda szklany klosz w szare wzory?\nKlosz o owalnym kształcie znakomicie prezentuje się w każdym rodzaju pomieszczenia – kuchni, eleganckim salonie, biurze, gabinecie czy sypialni. Jasne szkło komponuje się ze wszystkimi aranżacjami wnętrz.\nZastanawiasz się, do jakich lamp będzie pasować szklany klosz? Dedykujemy do lamp wiszących, lamp sufitowych, żyrandoli klasycznych jak i zwisów wiszących. Oprawka E27 pozwala na dopasowanie eleganckiego klosza do większości modeli lamp.\nJakie praktyczne funkcje posiada designerski szklany klosz E27?\nKlosz posiada najpopularniejszą oprawkę E27, do której z łatwością dopasujesz wymarzoną lampę. Ponadto klosz został wykonany z wytrzymałego szkła, które pozwoli cieszyć się kloszem przez bardzo długi czas.",
   "price": "15,00",
   "image_url": "https://light-home.pl/5623-thickbox_default/klosz-szklany-w-stylowe-paski-wzory-szklo-e27-lampy.jpg"
  },
  {
   "title": "Klosz Wzory Szklany Biały Kwiatki E27 do Lamp",
   "desc": "Klosz szklany E27 wzór w kwiatki owal\nOdmień wystrój swoich wnętrz w łatwy i tani sposób. Wymień klosze w lampie na nowe i przekonaj się, jak wiele może zdziałać mała zmiana. Prezentowany klosz posiada efektowne wzory w kształcie kwiatków, które dodadzą subtelności lampie oraz całej aranżacji wnętrz.\nDo jakich pomieszczeń pasuje szklany klosz we wzór kwiatków?\nKlosz może zostać dekoracją Twojego salonu, sypialni, kuchni lub pokoju dziecka czy nastolatka. Uniwersalny kolor klosza dopasowuje się do wszystkich wystrojów wnętrz i lamp.\nLampy wiszące, zwisy wiszące czy żyrandole klasyczne to jedne z najczęściej wybieranych rodzajów oświetleń. Jednak nie musisz ograniczać swojego wyboru jedynie do tych lamp. Wśród lamp sufitowych również znajdziesz idealnie pasujące oświetlenie do klosza we wzory.\nJakie praktyczne funkcje posiada klosz ze szkła do lamp E27?\nNa uwagę zasługuje wysokiej jakości szkło klosza, które sprawia, że będzie dekorował Twoje mieszkanie przez bardzo długi czas. Klosz posiada popularną oprawkę E27, do której bez problemu dobierzesz lampę najbardziej odpowiadającą aranżacji wnętrz.",
   "price": "15,00",
   "image_url": "https://light-home.pl/5625-thickbox_default/klosz-wzory-szklany-bialy-kwiatki-e27-do-lamp.jpg"
  },
  {
   "title": "Klosz we Wzory Szklany Owalny E27",
   "desc": "Stylowy szklany klosz we wzory kółka do lamp E27\nChcesz dodać swoim wnętrzom elegancji? A może po prostu pragniesz nieco odmienić wystrój swojego mieszkania? Znamy sposób na odmianę aranżacji wnętrz bez remontów czy drogich dekoracji. Wystarczy, że zmienisz klosze lampy oświetlającej dane pomieszczenie. Metamorfoza wydaje się niewielka, jednak sam zobaczysz, jak duży efekt przyniesie.\nGdzie najlepiej prezentuje się klosz ze szkła we wzory?\nZaletą klosza jest to, że pasuje do wszystkich rodzajów i wystrojów pomieszczeń. Jasny kolor, wzór w kształcie kółek oraz owalny kształt wyglądają świetnie w każdym pokoju.\nNie wiesz, z jaką lampą połączyć elegancki klosz? Pasuje zarówno do żyrandoli klasycznych, lamp wiszących jak i lamp sufitowych do salonu. Jedynym warunkiem, jaki musi spełniać lampa, jest zasilanie żarówkami E27.\nJakie funkcjonalności posiada szklany elegancki klosz do lamp?\nSzkło, z którego klosz został wykonany, jest wytrzymałe, co pozwoli Ci długo cieszyć się nową dekoracją wnętrz. Do eleganckiego klosza pasują żarówki o gwincie E27, które są dopasowane do większości rodzajów lamp.",
   "price": "15,00",
   "image_url": "https://light-home.pl/5627-thickbox_default/klosz-we-wzory-szklany-owalny-e27.jpg"
  },
  {
   "title": "Szklany Klosz E27 w Szare Wzory do Lampy",
   "desc": "Stylowy szklany klosz oprawka E27\nOryginalny i stylowy klosz, który doda Twoim wnętrzom mnóstwo elegancji. Nietypowy kształt oprawki przyciąga uwagę i prezentuje się rewelacyjnie na każdym rodzaju lampy. Ponadto jasny kolor szkła świetnie dopasowuje się do wielu stylów aranżacji wnętrz.\nW jakich pomieszczeniach szklany klosz będzie wyglądał najlepiej?\nOprawka znakomicie prezentuje w klasycznych wnętrzach, którym chcesz dodać nieco wytworności, na przykład salon, jadalnia, kuchnia czy sypialnia. Efektowne zdobienia oraz niepowtarzalna forma klosza pasują zarówno do chromowanych żyrandoli, kolorowych lamp wiszących jak i lamp sufitowych.\nJakie zalety posiada elegancki klosz?\nOprawka została wykonana z wytrzymałego i odpornego na uszkodzenia szkła, dzięki czemu masz pewność, że klosz posłuży Ci przez długi czas. Oprawa pasuje do lamp zasilanych żarówkami typu E27. Dzięki temu popularnemu gwintowi z łatwością znajdziesz lampę, która będzie idealnie pasować do klosza jak i do Twojego wystroju pomieszczenia.",
   "price": "15,00",
   "image_url": "https://light-home.pl/5629-thickbox_default/szklany-klosz-e27-w-szare-wzory-do-lampy.jpg"
  },
  {
   "title": "Klosz ze Szkła Owalny E27 do Lampy Designerski",
   "desc": "Szary owalny klosz ze szkła na oprawkę E27\nDodaj swoim wnętrzom elegancji i wyjątkowego klimatu! Prosty, lecz niezwykle stylowy klosz fantastycznie ozdobi zarówno pomieszczenia o klasycznym jak i nowoczesnym charakterze.\nW jakich wnętrzach szklany klosz będzie prezentował się najlepiej?\nAbsolutnie we wszystkich! Szara barwa świetnie komponuje się ze wszystkimi innymi kolorami. Owalny klosz rewelacyjnie prezentuje się zastawiony zarówno z lampą wiszącą jak i sufitową, czy zwisem wiszącym.\nJakie praktyczne funkcje posiada nowoczesny klosz?\nOprawka została wykonana z wysokiej jakości szkła, co zapewnia trwałość i odporność na uszkodzenia. Klosz dedykowany jest do lamp, które zasilane są żarówkami typu E27. Jest to jeden z najpopularniejszych rodzajów gwintów, dlatego bez problemu skomponujesz idealne oświetlenie oddające charakter Twoich wnętrz.",
   "price": "15,00",
   "image_url": "https://light-home.pl/5631-thickbox_default/klosz-ze-szkla-owalny-e27-do-lampy-designerski.jpg"
  },
  {
   "title": "Klosz Metalowy Loft E27 Druciany Designerski",
   "desc": "Metalowy klosz druciany loft E27 biały czarny\nPrzekonaj się, jak zmiana kloszy w lampach może odmienić wystrój całego pomieszczenia. Wymiana opraw na designerskie, zachwycające oryginalnym kształtem i minimalizmem nada wyjątkowości i niepowtarzalnego nastroju Twojemu mieszkaniu.\nGdzie umieścić nowoczesny klosz E27 z metalu?\nKlosz pasuje do wszystkich rodzajów pomieszczeń – kuchni, salonu, sypialni czy jadalni. Uniwersalne kolory do wyboru – czarny i biały jeszcze bardziej ułatwiają dopasowanie klosza do lamp i wystroju wnętrza.\nMinimalistyczny wygląd klosza pasuje do wnętrz uradzonych w stylu retro, industrialnym, nowoczesnym. W klasycznych aranżacjach będzie stylowo kontrastował z wystrojem.\nMetalowy klosz świetnie prezentuje na każdym rodzaju oświetlenia. Lampy wiszące, lampy industrialne, czy zwisy wiszące – wszystkie z nich zestawione z prezentowanym kloszem dadzą oryginalne i designerskie połączenie.\nJakie praktyczne funkcje posiada nowoczesny klosz metalowy?\nOprawka E27 pozwala na dobór większości lamp do klosza. E27 jest najpopularniejszym gwintem pośród źródeł światła. Klosz został wykonany z trwałego metalu, który będzie częścią lamp i dekoracją Twojego mieszkania przez wiele lat. Do klosza dedukujemy żarówki dekoracyjne. Metalowe pręty odsłaniają źródło światła, dzięki czemu żarniki oraz ciepły blask żarówek zostaje pięknie wyeksponowany.",
   "price": "19,90",
   "image_url": "https://light-home.pl/5635-thickbox_default/klosz-metalowy-loft-e27-druciany-designerski.jpg"
  },
  {
   "title": "Nowoczesny Klosz Industrialny Metalowy E27 do Lamp",
   "desc": "Klosz do lamp metalowy E27 industrialny\nDo odmiany wystroju wnętrz nie jest konieczny remont, kupowanie drogich mebli czy malowanie ścian. Proste zmiany również mogą dać duży efekt. Wymiana kloszy w lampach nie jest kosztowna ani czasochłonna, a potrafi zdziałać cuda w aranżacji mieszkania.\nGdzie najlepiej prezentuje się designerski metalowy klosz?\nOprawa do lamp pasuje do wszystkich rodzajów wnętrz – kuchni, jadalni, salonu, sypialni czy łazienki. Klosz wspaniale łączy się z pomieszczeniami urządzonymi w stylu loft, nowoczesnym oraz retro. Może również znakomicie przełamać klasyczną lub minimalistyczną aranżację wnętrz.\nKlosz stworzony jest z metalowych prętów, które pięknie eksponują źródła światła. By nadać wnętrzom magii i nastrojowości, zasil lampy żarówkami dekoracyjnymi. Klosze rewelacyjnie uwydatnią ich ciepły blask.\nZastanawiasz się, z jakim rodzajem oświetlenia zestawiać metalowe klosze? Lampy industrialne, lampy sufitowe, lampy wiszące– to typy oświetlenia pasujące do designerskiego klosza.\nJakie funkcjonalności posiada metalowy klosz w stylu loft?\nKlosz został wykonany z metalu odznaczającego się odpornością na uszkodzenia i wytrzymałością, przez co będziesz cieszyć się wyjątkową dekoracją mieszkania przez wiele lat. E27 jest jedną z najpopularniejszych oprawek, dzięki czemu dopasujesz do klosza bardzo dużo rodzajów lamp.",
   "price": "19,90",
   "image_url": "https://light-home.pl/5636-thickbox_default/nowoczesny-klosz-industrialny-metalowy-e27-do-lamp.jpg"
  },
  {
   "title": "Metalowy Klosz w Stylu Loft do Lamp E27",
   "desc": "Metalowy klosz druciany loft E27\nChcesz odmienić wygląd swoich wnętrz bez przeprowadzenia remontu lub kupowania kosztownych ozdób? Zmień klosze oświetlenia na takie, które będą dekoracją samą w sobie! Owalny kształt, minimalistyczna forma oraz popularna oprawka E27 sprawiają, że z łatwością dopasujesz metalowy klosz do swojej lampy.\nW jakich pomieszczeniach najlepiej prezentuje się designerski klosz z metalu?\nKlosz nada wyjątkowego charakteru wnętrzom urządzonym w stylu loft, nowoczesnym lub minimalistycznym. Jeśli chcesz nieco przełamać klasyczną aranżację pomieszczenia, to designerski klosz również będzie świetnym wyborem.\nIndustrialny klosz możesz dopasować do lamp loft, lamp sufitowych nowoczesnych, zwisów wiszących. Oprawa świetnie wygląda zestawiona z każdym rodzajem oświetlenia.\nMetalowe pręty tworzą klatkę o kolistym kształcie. W takim kloszu rewelacyjnie prezentują się żarówki dekoracyjne. Forma oprawy nie zasłania źródła światła, dzięki czemu eksponowane się stylowe żarniki nadające wnętrzom magicznego klimatu.\nJakie przydatne właściwości posiada stylowy klosz E27?\nKlosz dedykowany jest do lamp zasilanych żarówkami E27, czyli najpopularniejszym gwintem wśród źródeł światła. Daje to możliwość dopasowania klosza do większości oświetlenia. Metal, z którego klosz został wykonany, jest wytrzymały i odporny na uszkodzenia. Pozwala to cieszyć się stylową dekoracją wnętrz przez wiele lat.",
   "price": "19,90",
   "image_url": "https://light-home.pl/5638-thickbox_default/metalowy-klosz-w-stylu-loft-do-lamp-e27.jpg"
  },
  {
   "title": "Klosz Metalowy Drut E27 Loft",
   "desc": "Klosz metalowy E27 dwa kolory styl loft\nKlosz, który doda Twoim wnętrzom oryginalnego wyglądu. Idealnie wpisuje się w trendy stylu industrialnego, nowoczesnego oraz minimalistycznego. Wyjątkowy kształt metalowego klosza oraz forma uwidaczniająca żarówkę staną się designerską dekoracją Twojego mieszkania.\nW jakich pomieszczeniach metalowy klosz będzie prezentował się najlepiej?\nMinimalistyczny design oraz uniwersalne kolory klosza sprawiają, że komponuje się z każdym rodzajem wnętrz. Lampę z metalowym kloszem możesz umieścić w sypialni, salonie, kuchni czy pokoju młodzieżowym. Oprawa w każdym pomieszczeniu spełni rolę oryginalnej dekoracji.\nStylowy klosz E27 rewelacyjnie wygląda w duecie z lampami industrialnymi. Może również zostać częścią lamp wiszących nowoczesnych oraz zwisów wiszących pojedynczych dekoracyjnych.\nJakie praktyczne właściwości posiada metalowy klosz w stylu loft?\nKlosz industrialny został wykonany z najwyższej jakości metalu, dzięki czemu będzie ozdabiał Twój dom przez bardzo długi czas. Został stworzony w dwóch pasujących do wszystkiego kolorach – czarnym i białym, przez co dobór barwy klosza do konstrukcji lampy jest niezwykle prosty. Metalowy klosz loft pasuje do lamp zasilanych żarówkami E27. Jest to najpopularniejszy gwint źródeł światła, dzięki czemu dopasujesz do klosza niemal każdą lampę.",
   "price": "19,90",
   "image_url": "https://light-home.pl/5640-thickbox_default/klosz-metalowy-drut-e27-loft.jpg"
  },
  {
   "title": "Klosz Metalowy Drut Nowoczesny Loft do Lamp E27",
   "desc": "Designerski klosz z metalu w stylu loft retro E27\nChcesz zmienić coś w swoim otoczeniu? Masz już dość znanego widoku swojej przestrzeni? Potrzebujesz w życiu małej metamorfozy? Doskonale to rozumiemy i proponujemy Ci tanią oraz szybką w realizacji odmianę własnych czterech ścian. Na czym polega ta łatwa zmiana wystroju? Zastąp obecne klosze swoich lamp nowymi, designerskimi oprawkami.\nW jakich pomieszczeniach metalowy klosz loft będzie prezentował się najlepiej?\nPlusem stylowego klosza jest to, że pasuje do każdego wystroju wnętrz. Dzięki temu wprowadzisz pożądane zmiany wszędzie, gdzie tylko masz na to ochotę! Metalowy klosz E27 stanie się oryginalną ozdobą Twojej sypialni, jadalni, salonu czy kuchni. Klosz wygląda minimalistycznie i designersko, przez co znakomicie komponuje się z wnętrzami loft, nowoczesnymi oraz świetnie przełamuje styl retro.\nKlosz został stworzony z metalowych prętów w formie klatki o niezwykłym kształcie. Dzięki temu możesz ozdobić klosz żarówką dekoracyjną. Ciepła barwa tych źródeł światła doda wyjątkowego klimatu Twoim wnętrzom. Za sprawą klosza nie tylko zmienisz wystrój pomieszczenia. Ale sprawisz, że będzie panował w nim zupełnie nowy nastrój.\nJakie praktyczne funkcje posiada klosz metalowy do lamp E27?\nMetalowa konstrukcja czyni klosz odpornym na uszkodzenia, dzięki czemu będzie ozdabiał Twoje wnętrza przez długi czas. Klosz dostępny jest w kolorze czarnym i białym, co jeszcze bardziej uprości dopasowanie barwy do lampy i wystroju wnętrza. Klosz pasuje do lamp E27. Jest to jedna z najbardziej popularnych oprawek, dlatego bez problemu znajdziesz idealnie pasujące oświetlenie.",
   "price": "19,90",
   "image_url": "https://light-home.pl/5643-thickbox_default/klosz-metalowy-drut-nowoczesny-loft-do-lamp-e27.jpg"
  }
 ]
}