{
 "item": [
  {
   "title": "Żarówka Halogen Dekoracyjna Duża Kula 42W",
   "desc": "Żarówka dekoracyjna halogen 42W\nŻarówka, która nada Twoim pomieszczeniom wyjątkowego klimatu. Światło prezentowanej żarówki jest przyjazne dla ludzkiego oka, a ponadto ma właściwości kojące.\nDo jakich wnętrz pasować będzie wyjątkowe światło żarówki?\nŻarówka Edison może być wykorzystana wszędzie tam, gdzie chcemy osiągnąć wyjątkowy klimat i magiczny nastrój. Światło ma działanie podobne do blasku świec czy płonącego kominka, przez co idealnie wkomponuje się w aranżacje retro bądź vintage. Polecamy zamienne stosowanie różnych kształtów żarówek, by uzyskać idealny efekt dekoracyjny.\nJakie zalety posiada dekoracyjna żarówka?\nŻarówka jest oparta na węglowych żarnikach, przez co przypomina wzór pierwszych żarówek.\nOświetlenie znajdzie zastosowanie we wnętrzach LOFT, lampach industrialnych. Moc żarówki wynosi 42W, a jej gwint to E-27.",
   "price": "23,50",
   "image_url": "https://light-home.pl/1273-thickbox_default/zarowka-halogen-dekoracyjna-duza-kula-40w.jpg"
  },
  {
   "title": "Żarówka LED E27 Ciepła Kulka 7W 55W",
   "desc": "Żarówka LED E-27 7W ciepła barwa światła\nNadaj swoim wnętrzom wyjątkowego klimatu, dzięki ledowej żarówce o ciepłej barwie światła. Ciesz się funkcjonalnością żarówek LED E-27 przez bardzo długi czas!\nJakie zalety posiada żarówka?\nJej światło wygląda rewelacyjnie w każdym pomieszczeniu, niezależnie od stylu, w jakim jest urządzone. Ponadto żarówka posiada bardzo niskie zużycie energii – nawet 8/9 razy mniejszy pobór mocy w stosunku do zwykłych żarówek. Dzięki temu zyskujemy około 80-90% oszczędności!\nDodatkową zaletą niskiej emisji ciepła jest mniejsze ryzyko oparzeń, dłuższy czas życia oprawy żarówki oraz nie odbarwianie koloru ścian. Żarówka jest także odporna na uszkodzenia mechanicznie.\nŻarówka LED to gwarancja większej niezawodności niż w przypadku zwykłej żarówki. Ledowe żarówki nie posiadają efektu „mrugania”, dzięki czemu wpływają korzystnie na nasze samopoczucie. Dodatkowym atutem żarówki LED jest fakt, że do jej produkcji nie wykorzystuje się żadnych substancji szkodliwych",
   "price": "7,90",
   "image_url": "https://light-home.pl/1253-thickbox_default/zarowka-led-e27-ciepla-kulka-7w-55w.jpg"
  },
  {
   "title": "Żarówka LED Filament A60 E27 Ciepła 6W 48W",
   "desc": "Żarówka LED Filament 6W Ciepła Barwa\nŻarówka LED, która nada Twoim wnętrzom niepowtarzalnego klimatu. Światło żarówki jest przyjemne dla ludzkiego oka oraz charakteryzuje się wysokim współczynnikiem oddawania barw, przez co pełni role dekoracyjne w pomieszczeniu.\nJakie zalety posiada żarówka LED Filament?\nŻarówka może być wykorzystana wszędzie tam, gdzie chcemy osiągnąć wyjątkowy klimat i magiczny nastrój. Świetnie prezentuje się we wnętrzach LOFT, lampach industrialnych i dekoracyjnych.\nŹródło światła posiada bardzo niskie zużycie energii – nawet 8/9 razy mniejszy pobór mocy w stosunku do zwykłych żarówek. Dzięki temu zyskujemy około 80-90% oszczędności!\nŻarówka LED może pracować od 15 do nawet 30 razy dłużej niż tradycyjna żarówka. Innymi zaletami źródła światła LED Filament jest niska emisja ciepła, mniejsze ryzyko oparzeń oraz nie odbarwianie koloru ścian. Żarówka jest także odporna na uszkodzenia mechanicznie.\nŹródła zasilania LED Filament są również ekologiczne, ponieważ nie posiadają rtęci ani żadnych substancji szkodliwych dla środowiska.",
   "price": "13,99",
   "image_url": "https://light-home.pl/3130-thickbox_default/zarowka-led-filament-a60-e27-ciepla-6w-48w.jpg"
  },
  {
   "title": "Żarówka LED E27 Ciepła 10W 60W",
   "desc": "Żarówka LED E27 Ciepła 10W 60W\nEnergooszczędna żarówka LED doda Twoim wnętrzom niepowtarzalnego klimatu, dzięki ciepłej barwie światła.\nJakie zalety posiada żarówka LED?\nŻarówka o mocy 12W dokładnie oświetli każde pomieszczenie. Źródła światła LED charakteryzują się niskim zużyciem energii w stosunku do tradycyjnych żarówek. To nawet 8-9 razy mniejszy pobór mocy, dzięki któremu zyskasz nawet 80-90 % oszczędności!\nNiska emisja ciepła sprawia, że zmniejsza się ryzyko oparzeń. Wydłuża się również żywotność oprawy żarówki. Dodatkowo prezentowana żarówka LED nie odbarwia koloru ścian i charakteryzują się wysoką odpornością na uszkodzenia mechaniczne.\nŻarówka LED jest bezpieczna dla środowiska, ponieważ do jej produkcji nie używa się substancji szkodliwych. Ten rodzaj źródła zasilania wpływa pozytywnie na nasze samopoczucie, ponieważ nie posiada efektu „mrugania”. Żarówka LED jest bardziej niezawodna, energooszczędna i bezpieczna w stosunku do tradycyjnych źródeł światła.",
   "price": "8,60",
   "image_url": "https://light-home.pl/3798-thickbox_default/zarowka-led-e27-ciepla-12w-77w.jpg"
  },
  {
   "title": "Żarówka LED E27 Zimna Kulka 7W 55W",
   "desc": "Żarówka LED E-27 7W zimna barwa światła\nNadaj swoim wnętrzom wyjątkowego klimatu, dzięki ledowej żarówce o zimnej barwie światła. Ciesz się funkcjonalnością żarówek LED E-27 przez bardzo długi czas!\nJakie zalety posiada żarówka?\nJej światło wygląda rewelacyjnie w każdym pomieszczeniu, niezależnie od stylu, w jakim jest urządzone. Ponadto żarówka posiada bardzo niskie zużycie energii – nawet 8/9 razy mniejszy pobór mocy w stosunku do zwykłych żarówek. Dzięki temu zyskujemy około 80-90% oszczędności!\nDodatkową zaletą niskiej emisji ciepła jest mniejsze ryzyko oparzeń, dłuższy czas życia oprawy żarówki oraz nie odbarwianie koloru ścian. Żarówka jest także odporna na uszkodzenia mechanicznie.\nŻarówka LED to gwarancja większej niezawodności niż w przypadku zwykłej żarówki. Ledowe żarówki nie posiadają efektu „mrugania”, dzięki czemu wpływają korzystnie na nasze samopoczucie. Dodatkowym atutem żarówki LED jest fakt, że do jej produkcji nie wykorzystuje się żadnych substancji szkodliwych",
   "price": "7,90",
   "image_url": "https://light-home.pl/1252-thickbox_default/zarowka-led-e27-zimna-kulka-7w-55w.jpg"
  },
  {
   "title": "Żarówka LED E27 Zimna Kulka 3W 25W",
   "desc": "Żarówka LED E-27 3W zimna barwa światła\nNadaj swoim wnętrzom wyjątkowego klimatu, dzięki ledowej żarówce o zimnej barwie światła. Ciesz się funkcjonalnością żarówek LED E-27 przez bardzo długi czas!\nJakie zalety posiada żarówka?\nJej światło wygląda rewelacyjnie w każdym pomieszczeniu, niezależnie od stylu, w jakim jest urządzone. Ponadto żarówka posiada bardzo niskie zużycie energii – nawet 8/9 razy mniejszy pobór mocy w stosunku do zwykłych żarówek. Dzięki temu zyskujemy około 80-90% oszczędności!\nDodatkową zaletą niskiej emisji ciepła jest mniejsze ryzyko oparzeń, dłuższy czas życia oprawy żarówki oraz nie odbarwianie koloru ścian. Żarówka jest także odporna na uszkodzenia mechanicznie.\nŻarówka LED to gwarancja większej niezawodności niż w przypadku zwykłej żarówki. Ledowe żarówki nie posiadają efektu „mrugania”, dzięki czemu wpływają korzystnie na nasze samopoczucie. Dodatkowym atutem żarówki LED jest fakt, że do jej produkcji nie wykorzystuje się żadnych substancji szkodliwych",
   "price": "6,99",
   "image_url": "https://light-home.pl/1248-thickbox_default/zarowka-led-e27-zimna-kulka-3w-25w.jpg"
  },
  {
   "title": "Żarówka LED G9 Ciepły 3W 24W",
   "desc": "Żarówka LED G9 3W ciepła barwa światła\nNadaj swoim wnętrzom wyjątkowego klimatu, dzięki ledowej żarówce o ciepłej barwie światła. Ciesz się funkcjonalnością żarówek LED G9 przez bardzo długi czas!\nJakie zalety posiada żarówka?\nJej światło wygląda rewelacyjnie w każdym pomieszczeniu, niezależnie od stylu, w jakim jest urządzone. Ponadto żarówka posiada bardzo niskie zużycie energii – nawet 8/9 razy mniejszy pobór mocy w stosunku do zwykłych żarówek. Dzięki temu zyskujemy około 80-90% oszczędności!\nDodatkową zaletą niskiej emisji ciepła jest mniejsze ryzyko oparzeń, dłuższy czas życia oprawy żarówki oraz nie odbarwianie koloru ścian. Żarówka jest także odporna na uszkodzenia mechanicznie.\nŻarówka LED to gwarancja większej niezawodności niż w przypadku zwykłej żarówki. Ledowe żarówki nie posiadają efektu „mrugania”, dzięki czemu wpływają korzystnie na nasze samopoczucie. Dodatkowym atutem żarówki LED jest fakt, że do jej produkcji nie wykorzystuje się żadnych substancji szkodliwych",
   "price": "13,99",
   "image_url": "https://light-home.pl/1258-thickbox_default/zarowka-led-g9-cieply-3w-24w.jpg"
  },
  {
   "title": "Żarówka Edison Dekoracyjna Duża Kula Retro 40W",
   "desc": "Żarówka dekoracyjna Edison 40W\nŻarówka, która nada Twoim pomieszczeniom wyjątkowego klimatu. Światło prezentowanej żarówki jest ciepłe, przyjazne dla ludzkiego oka, a ponadto ma właściwości kojące.\nDo jakich wnętrz pasować będzie wyjątkowe światło żarówki?\nŻarówka Edison może być wykorzystana wszędzie tam, gdzie chcemy osiągnąć wyjątkowy klimat i magiczny nastrój. Światło ma działanie podobne do blasku świec czy płonącego kominka, przez co idealnie wkomponuje się w aranżacje retro bądź vintage. Polecamy zamienne stosowanie różnych kształtów żarówek, by uzyskać idealny efekt dekoracyjny.\nJakie zalety posiada dekoracyjna żarówka?\nŻarówka jest oparta na węglowych żarnikach, przez co przypomina wzór pierwszych żarówek.\nOświetlenie znajdzie zastosowanie we wnętrzach LOFT, lampach industrialnych. Moc żarówki wynosi 40W, a jej gwint to E-27.",
   "price": "25,90",
   "image_url": "https://light-home.pl/1243-thickbox_default/zarowka-edison-dekoracyjna-duza-kula-retro-40w.jpg"
  },
  {
   "title": "Żarówka LED E27 Ciepła Kulka 3W 25W",
   "desc": "Żarówka LED E-27 3W ciepła barwa światła\nNadaj swoim wnętrzom wyjątkowego klimatu, dzięki ledowej żarówce o ciepłej barwie światła. Ciesz się funkcjonalnością żarówek LED E-27 przez bardzo długi czas!\nJakie zalety posiada żarówka?\nJej światło wygląda rewelacyjnie w każdym pomieszczeniu, niezależnie od stylu, w jakim jest urządzone. Ponadto żarówka posiada bardzo niskie zużycie energii – nawet 8/9 razy mniejszy pobór mocy w stosunku do zwykłych żarówek. Dzięki temu zyskujemy około 80-90% oszczędności!\nDodatkową zaletą niskiej emisji ciepła jest mniejsze ryzyko oparzeń, dłuższy czas życia oprawy żarówki oraz nie odbarwianie koloru ścian. Żarówka jest także odporna na uszkodzenia mechanicznie.\nŻarówka LED to gwarancja większej niezawodności niż w przypadku zwykłej żarówki. Ledowe żarówki nie posiadają efektu „mrugania”, dzięki czemu wpływają korzystnie na nasze samopoczucie. Dodatkowym atutem żarówki LED jest fakt, że do jej produkcji nie wykorzystuje się żadnych substancji szkodliwych",
   "price": "6,99",
   "image_url": "https://light-home.pl/1249-thickbox_default/zarowka-led-e27-ciepla-kulka-3w-25w.jpg"
  },
  {
   "title": "Żarówka LED Filament E27 Ciepła 8W G120 Dekoracyjna",
   "desc": "Żarówka LED Filament 8W Ciepła Barwa\nŻarówka LED, która nada Twoim wnętrzom niepowtarzalnego klimatu. Światło żarówki jest przyjemne dla ludzkiego oka oraz charakteryzuje się wysokim współczynnikiem oddawania barw, przez co pełni role dekoracyjne w pomieszczeniu.\nJakie zalety posiada żarówka LED Filament?\nŻarówka może być wykorzystana wszędzie tam, gdzie chcemy osiągnąć wyjątkowy klimat i magiczny nastrój. Świetnie prezentuje się we wnętrzach LOFT, lampach industrialnych i dekoracyjnych.\nŹródło światła posiada bardzo niskie zużycie energii – nawet 8/9 razy mniejszy pobór mocy w stosunku do zwykłych żarówek. Dzięki temu zyskujemy około 80-90% oszczędności!\nŻarówka LED może pracować od 15 do nawet 30 razy dłużej niż tradycyjna żarówka. Innymi zaletami źródła światła LED Filament jest niska emisja ciepła, mniejsze ryzyko oparzeń oraz nie odbarwianie koloru ścian. Żarówka jest także odporna na uszkodzenia mechanicznie.\nŹródła zasilania LED Filament są również ekologiczne, ponieważ nie posiadają rtęci ani żadnych substancji szkodliwych dla środowiska.",
   "price": "29,99",
   "image_url": "https://light-home.pl/3136-thickbox_default/zarowka-led-filament-e27-ciepla-8w-g120-dekoracyjna.jpg"
  },
  {
   "title": "Żarówka LED E27 Zimna 10W 80W",
   "desc": "Żarówka LED E27 Zimna 10W 80W\nEnergooszczędne żarówki LED znakomicie oświetlą każde pomieszczenie. Zimna barwa światła ułatwia skupienie i koncentrację. Żabówka sprawdzi się wszędzie tam, gdzie będziesz wykonywać nieco bardziej wymagające czynności.\nJakie atuty posiada żarówka E27 LED?\nNajwiększą zaletą żarówek LED jest ich energooszczędność. Pobierają aż 8-9 razy mniej prądu niż zwykłe żarówki. Dzięki żarówkom LED zyskujesz aż 80-90% oszczędności.\nŹródła światła LED są znacznie trwalsze i niezawodne niż tradycyjne żarówki. Są odporne na uszkodzenia mechaniczne i nie odbarwiają koloru ścian. Żywotność oprawy również jest znacznie dłuższa. Ponadto niska emisja ciepła sprawia, że spada ryzyko oparzeń.\nŻarówka LED jest bezpieczna dla środowiska, ponieważ do jej produkcji nie wykorzystuje się substancji szkodzących. Nie posiada efektu „mrugania”, co ma korzystny wpływ na nasze samopoczucie. Gwint E27 pasuje do większości lamp każdego rodzaju.",
   "price": "8,90",
   "image_url": "https://light-home.pl/3805-thickbox_default/zarowka-led-e27-ciepla-12w-77w.jpg"
  },
  {
   "title": "Żarówka Edison Dekoracyjna Duża Łza E27 40W",
   "desc": "Żarówka dekoracyjna Edison 40W\nŻarówka, która nada Twoim pomieszczeniom wyjątkowego klimatu. Światło prezentowanej żarówki jest ciepłe, przyjazne dla ludzkiego oka, a ponadto ma właściwości kojące.\nDo jakich wnętrz pasować będzie wyjątkowe światło żarówki?\nŻarówka Edison może być wykorzystana wszędzie tam, gdzie chcemy osiągnąć wyjątkowy klimat i magiczny nastrój. Światło ma działanie podobne do blasku świec czy płonącego kominka, przez co idealnie wkomponuje się w aranżacje retro bądź vintage. Polecamy zamienne stosowanie różnych kształtów żarówek, by uzyskać idealny efekt dekoracyjny.\nJakie zalety posiada dekoracyjna żarówka?\nŻarówka jest oparta na węglowych żarnikach, przez co przypomina wzór pierwszych żarówek.\nOświetlenie znajdzie zastosowanie we wnętrzach LOFT, lampach industrialnych. Moc żarówki wynosi 40W, a jej gwint to E-27.",
   "price": "19,90",
   "image_url": "https://light-home.pl/1267-thickbox_default/zarowka-edison-dekoracyjna-duza-lza-40w.jpg"
  },
  {
   "title": "Żarówka LED E27 Neutralna 12W 100W",
   "desc": "Żarówka LED E27 Neutralna Barwa 12W 10W\nPostaw na funkcjonalne i energooszczędne żarówki LED. Posiadają mnóstwo zalet, które czynią je znacznie korzystniejszymi do oświetlenia domu niż wybór żarówek tradycyjnych.\nJakie praktyczne funkcje posiadają żarówki LED?\nTo, co odróżnia je od innych żarówek do energooszczędność. Żarówki LED pobierają 8-9 rrazy mniej energii niż tradycyjne żarówki.\nInnymi zaletami żarówek LED jest odporność na uszkodzenia mechaniczne oraz długa żywotność oprawy. Dzięki niskiemu zużyciu energii, ryzyko oprzeń znacznie maleje.\nNie wiesz, jakie światło wybrać do pomieszczeń codziennych, które nie służą ani do relaksu ani do pracy? Idealnie nada się w tym przypadku neutralna barwa światła, którą posiada prezentowana żarówka LED E27.\nDo produkcji żarówek LED nie wykorzystuje się substancji szkodliwych. W odróżnieniu od zwykłych żarówek LED-y nie posiadają efektu „mrugania”, który niekorzystnie wpływa na samopoczucie.",
   "price": "8,90",
   "image_url": "https://light-home.pl/5252-thickbox_default/zarowka-led-e27-neutralna-10w-60w.jpg"
  },
  {
   "title": "Żarówka Edison Dekoracyjna Ozdobna E27 40W",
   "desc": "Żarówka dekoracyjna Edison 40W\nŻarówka, która nada Twoim pomieszczeniom wyjątkowego klimatu. Światło prezentowanej żarówki jest ciepłe, przyjazne dla ludzkiego oka, a ponadto ma właściwości kojące.\nDo jakich wnętrz pasować będzie wyjątkowe światło żarówki?\nŻarówka Edison może być wykorzystana wszędzie tam, gdzie chcemy osiągnąć wyjątkowy klimat i magiczny nastrój. Światło ma działanie podobne do blasku świec czy płonącego kominka, przez co idealnie wkomponuje się w aranżacje retro bądź vintage. Polecamy zamienne stosowanie różnych kształtów żarówek, by uzyskać idealny efekt dekoracyjny.\nJakie zalety posiada dekoracyjna żarówka?\nŻarówka jest oparta na węglowych żarnikach, przez co przypomina wzór pierwszych żarówek.\nOświetlenie znajdzie zastosowanie we wnętrzach LOFT, lampach industrialnych. Moc żarówki wynosi 40W, a jej gwint to E-27.",
   "price": "19,90",
   "image_url": "https://light-home.pl/1263-thickbox_default/zarowka-edison-dekoracyjna-ozdobna-40w.jpg"
  },
  {
   "title": "Żarówka LED E27 Ciepła 12W 77W",
   "desc": "Żarówka LED E-27 12W ciepła barwa światła\nNadaj swoim wnętrzom wyjątkowego klimatu, dzięki ledowej żarówce o ciepłej barwie światła. Ciesz się funkcjonalnością żarówek LED E-27 przez bardzo długi czas!\nJakie zalety posiada żarówka?\nJej światło wygląda rewelacyjnie w każdym pomieszczeniu, niezależnie od stylu, w jakim jest urządzone. Ponadto żarówka posiada bardzo niskie zużycie energii – nawet 8/9 razy mniejszy pobór mocy w stosunku do zwykłych żarówek. Dzięki temu zyskujemy około 80-90% oszczędności!\nDodatkową zaletą niskiej emisji ciepła jest mniejsze ryzyko oparzeń, dłuższy czas życia oprawy żarówki oraz nie odbarwianie koloru ścian. Żarówka jest także odporna na uszkodzenia mechanicznie.\nŻarówka LED to gwarancja większej niezawodności niż w przypadku zwykłej żarówki. Ledowe żarówki nie posiadają efektu „mrugania”, dzięki czemu wpływają korzystnie na nasze samopoczucie. Dodatkowym atutem żarówki LED jest fakt, że do jej produkcji nie wykorzystuje się żadnych substancji szkodliwych",
   "price": "9,90",
   "image_url": "https://light-home.pl/1256-thickbox_default/zarowka-led-e27-ciepla-12w-77w.jpg"
  },
  {
   "title": "Żarówka LED GU10 Ciepła Kulka 7W 55W",
   "desc": "Żarówka LED GU10 7W ciepła barwa światła\nNadaj swoim wnętrzom wyjątkowego klimatu, dzięki ledowej żarówce o ciepłej barwie światła. Ciesz się funkcjonalnością żarówek LED GU10 przez bardzo długi czas!\nJakie zalety posiada żarówka?\nJej światło wygląda rewelacyjnie w każdym pomieszczeniu, niezależnie od stylu, w jakim jest urządzone. Ponadto żarówka posiada bardzo niskie zużycie energii – nawet 8/9 razy mniejszy pobór mocy w stosunku do zwykłych żarówek. Dzięki temu zyskujemy około 80-90% oszczędności!\nDodatkową zaletą niskiej emisji ciepła jest mniejsze ryzyko oparzeń, dłuższy czas życia oprawy żarówki oraz nie odbarwianie koloru ścian. Żarówka jest także odporna na uszkodzenia mechanicznie.\nŻarówka LED to gwarancja większej niezawodności niż w przypadku zwykłej żarówki. Ledowe żarówki nie posiadają efektu „mrugania”, dzięki czemu wpływają korzystnie na nasze samopoczucie. Dodatkowym atutem żarówki LED jest fakt, że do jej produkcji nie wykorzystuje się żadnych substancji szkodliwych",
   "price": "9,49",
   "image_url": "https://light-home.pl/1254-thickbox_default/zarowka-led-gu10-ciepla-kulka-7w-55w.jpg"
  },
  {
   "title": "Żarówka LED E27 Zimna 12W 77W",
   "desc": "Żarówka LED E-27 12W zimna barwa światła\nNadaj swoim wnętrzom wyjątkowego klimatu, dzięki ledowej żarówce o zimnej barwie światła. Ciesz się funkcjonalnością żarówek LED E-27 przez bardzo długi czas!\nJakie zalety posiada żarówka?\nJej światło wygląda rewelacyjnie w każdym pomieszczeniu, niezależnie od stylu, w jakim jest urządzone. Ponadto żarówka posiada bardzo niskie zużycie energii – nawet 8/9 razy mniejszy pobór mocy w stosunku do zwykłych żarówek. Dzięki temu zyskujemy około 80-90% oszczędności!\nDodatkową zaletą niskiej emisji ciepła jest mniejsze ryzyko oparzeń, dłuższy czas życia oprawy żarówki oraz nie odbarwianie koloru ścian. Żarówka jest także odporna na uszkodzenia mechanicznie.\nŻarówka LED to gwarancja większej niezawodności niż w przypadku zwykłej żarówki. Ledowe żarówki nie posiadają efektu „mrugania”, dzięki czemu wpływają korzystnie na nasze samopoczucie. Dodatkowym atutem żarówki LED jest fakt, że do jej produkcji nie wykorzystuje się żadnych substancji szkodliwych",
   "price": "11,99",
   "image_url": "https://light-home.pl/1257-thickbox_default/zarowka-led-e27-zimna-12w-77w.jpg"
  },
  {
   "title": "Żarówka LED GU10 Ciepła Kulka 1,5W 10,5W",
   "desc": "Żarówka LED GU10 1,5W ciepła barwa światła\nNadaj swoim wnętrzom wyjątkowego klimatu, dzięki ledowej żarówce o ciepłej barwie światła. Ciesz się funkcjonalnością żarówek LED GU10 przez bardzo długi czas!\nJakie zalety posiada żarówka?\nJej światło wygląda rewelacyjnie w każdym pomieszczeniu, niezależnie od stylu, w jakim jest urządzone. Ponadto żarówka posiada bardzo niskie zużycie energii – nawet 8/9 razy mniejszy pobór mocy w stosunku do zwykłych żarówek. Dzięki temu zyskujemy około 80-90% oszczędności!\nDodatkową zaletą niskiej emisji ciepła jest mniejsze ryzyko oparzeń, dłuższy czas życia oprawy żarówki oraz nie odbarwianie koloru ścian. Żarówka jest także odporna na uszkodzenia mechanicznie.\nŻarówka LED to gwarancja większej niezawodności niż w przypadku zwykłej żarówki. Ledowe żarówki nie posiadają efektu „mrugania”, dzięki czemu wpływają korzystnie na nasze samopoczucie. Dodatkowym atutem żarówki LED jest fakt, że do jej produkcji nie wykorzystuje się żadnych substancji szkodliwych.",
   "price": "5,99",
   "image_url": "https://light-home.pl/1245-thickbox_default/zarowka-led-gu10-ciepla-kulka-15w-105w.jpg"
  },
  {
   "title": "Żarówka LED GU10 Zimna Kulka 1,5W 10W",
   "desc": "Żarówka LED GU10 1,5W zimna barwa światła\nNadaj swoim wnętrzom wyjątkowego klimatu, dzięki ledowej żarówce o zimnej barwie światła. Ciesz się funkcjonalnością żarówek LED GU10 przez bardzo długi czas!\nJakie zalety posiada żarówka?\nJej światło wygląda rewelacyjnie w każdym pomieszczeniu, niezależnie od stylu, w jakim jest urządzone. Ponadto żarówka posiada bardzo niskie zużycie energii – nawet 8/9 razy mniejszy pobór mocy w stosunku do zwykłych żarówek. Dzięki temu zyskujemy około 80-90% oszczędności!\nDodatkową zaletą niskiej emisji ciepła jest mniejsze ryzyko oparzeń, dłuższy czas życia oprawy żarówki oraz nie odbarwianie koloru ścian. Żarówka jest także odporna na uszkodzenia mechanicznie.\nŻarówka LED to gwarancja większej niezawodności niż w przypadku zwykłej żarówki. Ledowe żarówki nie posiadają efektu „mrugania”, dzięki czemu wpływają korzystnie na nasze samopoczucie. Dodatkowym atutem żarówki LED jest fakt, że do jej produkcji nie wykorzystuje się żadnych substancji szkodliwych.",
   "price": "5,99",
   "image_url": "https://light-home.pl/1244-thickbox_default/zarowka-led-gu10-zimna-kulka-15w-10w.jpg"
  },
  {
   "title": "Żarówka LED GU10 Ciepły Kulka 3W 25W",
   "desc": "Żarówka LED GU10 3W ciepła barwa światła\nNadaj swoim wnętrzom wyjątkowego klimatu, dzięki ledowej żarówce o ciepłej barwie światła. Ciesz się funkcjonalnością żarówek LED GU10 przez bardzo długi czas!\nJakie zalety posiada żarówka?\nJej światło wygląda rewelacyjnie w każdym pomieszczeniu, niezależnie od stylu, w jakim jest urządzone. Ponadto żarówka posiada bardzo niskie zużycie energii – nawet 8/9 razy mniejszy pobór mocy w stosunku do zwykłych żarówek. Dzięki temu zyskujemy około 80-90% oszczędności!\nDodatkową zaletą niskiej emisji ciepła jest mniejsze ryzyko oparzeń, dłuższy czas życia oprawy żarówki oraz nie odbarwianie koloru ścian. Żarówka jest także odporna na uszkodzenia mechanicznie.\nŻarówka LED to gwarancja większej niezawodności niż w przypadku zwykłej żarówki. Ledowe żarówki nie posiadają efektu „mrugania”, dzięki czemu wpływają korzystnie na nasze samopoczucie. Dodatkowym atutem żarówki LED jest fakt, że do jej produkcji nie wykorzystuje się żadnych substancji szkodliwych",
   "price": "6,99",
   "image_url": "https://light-home.pl/1246-thickbox_default/zarowka-led-gu10-cieplu-kulka-3w-25w.jpg"
  },
  {
   "title": "Żarówka LED GU10 Zimny Kulka 3,5W 25W",
   "desc": "Żarówka LED GU10 3,5W zimna barwa światła\nNadaj swoim wnętrzom wyjątkowego klimatu, dzięki ledowej żarówce o zimnej barwie światła. Ciesz się funkcjonalnością żarówek LED GU10 przez bardzo długi czas!\nJakie zalety posiada żarówka?\nJej światło wygląda rewelacyjnie w każdym pomieszczeniu, niezależnie od stylu, w jakim jest urządzone. Ponadto żarówka posiada bardzo niskie zużycie energii – nawet 8/9 razy mniejszy pobór mocy w stosunku do zwykłych żarówek. Dzięki temu zyskujemy około 80-90% oszczędności!\nDodatkową zaletą niskiej emisji ciepła jest mniejsze ryzyko oparzeń, dłuższy czas życia oprawy żarówki oraz nie odbarwianie koloru ścian. Żarówka jest także odporna na uszkodzenia mechanicznie.\nŻarówka LED to gwarancja większej niezawodności niż w przypadku zwykłej żarówki. Ledowe żarówki nie posiadają efektu „mrugania”, dzięki czemu wpływają korzystnie na nasze samopoczucie. Dodatkowym atutem żarówki LED jest fakt, że do jej produkcji nie wykorzystuje się żadnych substancji szkodliwych",
   "price": "9,29",
   "image_url": "https://light-home.pl/1247-thickbox_default/zarowka-led-gu10-zimny-kulka-35w-25w.jpg"
  },
  {
   "title": "Żarówka LED E14 Ciepły Kulka 5W 35W",
   "desc": "Żarówka LED E-14 5W ciepła barwa światła\nNadaj swoim wnętrzom wyjątkowego klimatu, dzięki ledowej żarówce o ciepłej barwie światła. Ciesz się funkcjonalnością żarówek LED E-14 przez bardzo długi czas!\nJakie zalety posiada żarówka?\nJej światło wygląda rewelacyjnie w każdym pomieszczeniu, niezależnie od stylu, w jakim jest urządzone. Ponadto żarówka posiada bardzo niskie zużycie energii – nawet 8/9 razy mniejszy pobór mocy w stosunku do zwykłych żarówek. Dzięki temu zyskujemy około 80-90% oszczędności!\nDodatkową zaletą niskiej emisji ciepła jest mniejsze ryzyko oparzeń, dłuższy czas życia oprawy żarówki oraz nie odbarwianie koloru ścian. Żarówka jest także odporna na uszkodzenia mechanicznie.\nŻarówka LED to gwarancja większej niezawodności niż w przypadku zwykłej żarówki. Ledowe żarówki nie posiadają efektu „mrugania”, dzięki czemu wpływają korzystnie na nasze samopoczucie. Dodatkowym atutem żarówki LED jest fakt, że do jej produkcji nie wykorzystuje się żadnych substancji szkodliwych",
   "price": "9,99",
   "image_url": "https://light-home.pl/1250-thickbox_default/zarowka-led-e14-cieply-kulka-5w-35w.jpg"
  },
  {
   "title": "Żarówka LED E27 Zimna Kulka 4W 35W",
   "desc": "Żarówka LED E-27 4W zimna barwa światła\nNadaj swoim wnętrzom wyjątkowego klimatu, dzięki ledowej żarówce o zimnej barwie światła. Ciesz się funkcjonalnością żarówek LED E-27 przez bardzo długi czas!\nJakie zalety posiada żarówka?\nJej światło wygląda rewelacyjnie w każdym pomieszczeniu, niezależnie od stylu, w jakim jest urządzone. Ponadto żarówka posiada bardzo niskie zużycie energii – nawet 8/9 razy mniejszy pobór mocy w stosunku do zwykłych żarówek. Dzięki temu zyskujemy około 80-90% oszczędności!\nDodatkową zaletą niskiej emisji ciepła jest mniejsze ryzyko oparzeń, dłuższy czas życia oprawy żarówki oraz nie odbarwianie koloru ścian. Żarówka jest także odporna na uszkodzenia mechanicznie.\nŻarówka LED to gwarancja większej niezawodności niż w przypadku zwykłej żarówki. Ledowe żarówki nie posiadają efektu „mrugania”, dzięki czemu wpływają korzystnie na nasze samopoczucie. Dodatkowym atutem żarówki LED jest fakt, że do jej produkcji nie wykorzystuje się żadnych substancji szkodliwych",
   "price": "10,75",
   "image_url": "https://light-home.pl/1251-thickbox_default/zarowka-led-e27-zimna-kulka-4w-35w.jpg"
  },
  {
   "title": "Żarówka LED GU10 Zimny Kulka 7W 50W",
   "desc": "Żarówka LED GU10 7W zimna barwa światła\nNadaj swoim wnętrzom wyjątkowego klimatu, dzięki ledowej żarówce o zimnej barwie światła. Ciesz się funkcjonalnością żarówek LED GU10 przez bardzo długi czas!\nJakie zalety posiada żarówka?\nJej światło wygląda rewelacyjnie w każdym pomieszczeniu, niezależnie od stylu, w jakim jest urządzone. Ponadto żarówka posiada bardzo niskie zużycie energii – nawet 8/9 razy mniejszy pobór mocy w stosunku do zwykłych żarówek. Dzięki temu zyskujemy około 80-90% oszczędności!\nDodatkową zaletą niskiej emisji ciepła jest mniejsze ryzyko oparzeń, dłuższy czas życia oprawy żarówki oraz nie odbarwianie koloru ścian. Żarówka jest także odporna na uszkodzenia mechanicznie.\nŻarówka LED to gwarancja większej niezawodności niż w przypadku zwykłej żarówki. Ledowe żarówki nie posiadają efektu „mrugania”, dzięki czemu wpływają korzystnie na nasze samopoczucie. Dodatkowym atutem żarówki LED jest fakt, że do jej produkcji nie wykorzystuje się żadnych substancji szkodliwych",
   "price": "9,49",
   "image_url": "https://light-home.pl/1255-thickbox_default/zarowka-led-gu10-zimny-kulka-7w-50w.jpg"
  },
  {
   "title": "Żarówka LED G9 Zimny 3W 24W",
   "desc": "Żarówka LED G9 3W zimna barwa światła\nNadaj swoim wnętrzom wyjątkowego klimatu, dzięki ledowej żarówce o zimnej barwie światła. Ciesz się funkcjonalnością żarówek LED G9 przez bardzo długi czas!\nJakie zalety posiada żarówka?\nJej światło wygląda rewelacyjnie w każdym pomieszczeniu, niezależnie od stylu, w jakim jest urządzone. Ponadto żarówka posiada bardzo niskie zużycie energii – nawet 8/9 razy mniejszy pobór mocy w stosunku do zwykłych żarówek. Dzięki temu zyskujemy około 80-90% oszczędności!\nDodatkową zaletą niskiej emisji ciepła jest mniejsze ryzyko oparzeń, dłuższy czas życia oprawy żarówki oraz nie odbarwianie koloru ścian. Żarówka jest także odporna na uszkodzenia mechanicznie.\nŻarówka LED to gwarancja większej niezawodności niż w przypadku zwykłej żarówki. Ledowe żarówki nie posiadają efektu „mrugania”, dzięki czemu wpływają korzystnie na nasze samopoczucie. Dodatkowym atutem żarówki LED jest fakt, że do jej produkcji nie wykorzystuje się żadnych substancji szkodliwych",
   "price": "13,99",
   "image_url": "https://light-home.pl/1259-thickbox_default/zarowka-led-g9-zimny-3w-24w.jpg"
  },
  {
   "title": "Żarówka Dekoracyjna Edison Duża Kula 40W",
   "desc": "Żarówka dekoracyjna Edison 40W\nŻarówka, która nada Twoim pomieszczeniom wyjątkowego klimatu. Światło prezentowanej żarówki jest ciepłe, przyjazne dla ludzkiego oka, a ponadto ma właściwości kojące.\nDo jakich wnętrz pasować będzie wyjątkowe światło żarówki?\nŻarówka Edison może być wykorzystana wszędzie tam, gdzie chcemy osiągnąć wyjątkowy klimat i magiczny nastrój. Światło ma działanie podobne do blasku świec czy płonącego kominka, przez co idealnie wkomponuje się w aranżacje retro bądź vintage. Polecamy zamienne stosowanie różnych kształtów żarówek, by uzyskać idealny efekt dekoracyjny.\nJakie zalety posiada dekoracyjna żarówka?\nŻarówka jest oparta na węglowych żarnikach, przez co przypomina wzór pierwszych żarówek.\nOświetlenie znajdzie zastosowanie we wnętrzach LOFT, lampach industrialnych. Moc żarówki wynosi 40W, a jej gwint to E-27.",
   "price": "25,90",
   "image_url": "https://light-home.pl/1280-thickbox_default/zarowka-dekoracyjna-edison-duza-kula-40w.jpg"
  },
  {
   "title": "Żarówka LED 4W Ciepła Kulka SMOKE Dekoracyjna",
   "desc": "Żarówka dekoracyjna LED 4W Ciepła\nŻarówka, która nada Twoim pomieszczeniom wyjątkowego klimatu. Światło prezentowanej żarówki jest ciepłe, przyjazne dla ludzkiego oka, a ponadto ma właściwości kojące.\nDo jakich wnętrz pasować będzie wyjątkowe światło żarówki?\nŻarówka Edison może być wykorzystana wszędzie tam, gdzie chcemy osiągnąć wyjątkowy klimat i magiczny nastrój. Światło ma działanie podobne do blasku świec czy płonącego kominka, przez co idealnie wkomponuje się w aranżacje retro bądź vintage. Polecamy zamienne stosowanie różnych kształtów żarówek, by uzyskać idealny efekt dekoracyjny.\nJakie zalety posiada dekoracyjna żarówka?\nŻarówka jest oparta na węglowych żarnikach, przez co przypomina wzór pierwszych żarówek.\nOświetlenie znajdzie zastosowanie we wnętrzach LOFT, lampach industrialnych. Moc żarówki wynosi 4W, a jej gwint to E-27.",
   "price": "29,00",
   "image_url": "https://light-home.pl/2472-thickbox_default/zarowka-led-4w-ciepla-kulka-smoke-dekoracyjna.jpg"
  },
  {
   "title": "Żarówka Dekoracyjna LED Globe 95 Edison 2W",
   "desc": "Żarówka dekoracyjna LED Globe\nŻarówka, która nada Twoim pomieszczeniom wyjątkowego klimatu. Światło prezentowanej żarówki jest ciepłe, przyjazne dla ludzkiego oka, a ponadto ma właściwości kojące.\nDo jakich wnętrz pasować będzie wyjątkowe światło żarówki?\nŻarówka Edison może być wykorzystana wszędzie tam, gdzie chcemy osiągnąć wyjątkowy klimat i magiczny nastrój. Światło ma działanie podobne do blasku świec czy płonącego kominka, przez co idealnie wkomponuje się w aranżacje retro bądź vintage. Polecamy zamienne stosowanie różnych kształtów żarówek, by uzyskać idealny efekt dekoracyjny.\nJakie zalety posiada dekoracyjna żarówka?\nŻarówka jest oparta na węglowych żarnikach, przez co przypomina wzór pierwszych żarówek.\nOświetlenie znajdzie zastosowanie we wnętrzach LOFT, lampach industrialnych. Moc żarówki wynosi 1,8W, a jej gwint to E-27.",
   "price": "26,00",
   "image_url": "https://light-home.pl/2054-thickbox_default/zarowka-dekoracyjna-led-globe-95-2w.jpg"
  },
  {
   "title": "Żarówka LED Filament E14 C37 Ciepła 4W 35W",
   "desc": "Żarówka LED Filament 4W Ciepła Barwa\nŻarówka LED, która nada Twoim wnętrzom niepowtarzalnego klimatu. Światło żarówki jest przyjemne dla ludzkiego oka oraz charakteryzuje się wysokim współczynnikiem oddawania barw, przez co pełni role dekoracyjne w pomieszczeniu.\nJakie zalety posiada żarówka LED Filament?\nŻarówka może być wykorzystana wszędzie tam, gdzie chcemy osiągnąć wyjątkowy klimat i magiczny nastrój. Świetnie prezentuje się we wnętrzach LOFT, lampach industrialnych i dekoracyjnych.\nŹródło światła posiada bardzo niskie zużycie energii – nawet 8/9 razy mniejszy pobór mocy w stosunku do zwykłych żarówek. Dzięki temu zyskujemy około 80-90% oszczędności!\nŻarówka LED może pracować od 15 do nawet 30 razy dłużej niż tradycyjna żarówka. Innymi zaletami źródła światła LED Filament jest niska emisja ciepła, mniejsze ryzyko oparzeń oraz nie odbarwianie koloru ścian. Żarówka jest także odporna na uszkodzenia mechanicznie.\nŹródła zasilania LED Filament są również ekologiczne, ponieważ nie posiadają rtęci ani żadnych substancji szkodliwych dla środowiska.",
   "price": "11,99",
   "image_url": "https://light-home.pl/3131-thickbox_default/zarowka-led-filament-e14-c37-ciepla-4w-35w.jpg"
  },
  {
   "title": "Żarówka LED E27 Ciepła 4W 35W C37 Świeczka",
   "desc": "Żarówka LED Filament 4W Ciepła Barwa\nŻarówka LED, która nada Twoim wnętrzom niepowtarzalnego klimatu. Światło żarówki jest przyjemne dla ludzkiego oka oraz charakteryzuje się wysokim współczynnikiem oddawania barw, przez co pełni role dekoracyjne w pomieszczeniu.\nJakie zalety posiada żarówka LED Filament?\nŻarówka może być wykorzystana wszędzie tam, gdzie chcemy osiągnąć wyjątkowy klimat i magiczny nastrój. Świetnie prezentuje się we wnętrzach LOFT, lampach industrialnych i dekoracyjnych.\nŹródło światła posiada bardzo niskie zużycie energii – nawet 8/9 razy mniejszy pobór mocy w stosunku do zwykłych żarówek. Dzięki temu zyskujemy około 80-90% oszczędności!\nŻarówka LED może pracować od 15 do nawet 30 razy dłużej niż tradycyjna żarówka. Innymi zaletami źródła światła LED Filament jest niska emisja ciepła, mniejsze ryzyko oparzeń oraz nie odbarwianie koloru ścian. Żarówka jest także odporna na uszkodzenia mechanicznie.\nŹródła zasilania LED Filament są również ekologiczne, ponieważ nie posiadają rtęci ani żadnych substancji szkodliwych dla środowiska.",
   "price": "11,99",
   "image_url": "https://light-home.pl/3132-thickbox_default/zarowka-led-e27-ciepla-4w-35w-c37-swieczka.jpg"
  },
  {
   "title": "Żarówka LED Filament E14 G45 Ciepła 4W 35W",
   "desc": "Żarówka LED Filament 4W Ciepła Barwa\nŻarówka LED, która nada Twoim wnętrzom niepowtarzalnego klimatu. Światło żarówki jest przyjemne dla ludzkiego oka oraz charakteryzuje się wysokim współczynnikiem oddawania barw, przez co pełni role dekoracyjne w pomieszczeniu.\nJakie zalety posiada żarówka LED Filament?\nŻarówka może być wykorzystana wszędzie tam, gdzie chcemy osiągnąć wyjątkowy klimat i magiczny nastrój. Świetnie prezentuje się we wnętrzach LOFT, lampach industrialnych i dekoracyjnych.\nŹródło światła posiada bardzo niskie zużycie energii – nawet 8/9 razy mniejszy pobór mocy w stosunku do zwykłych żarówek. Dzięki temu zyskujemy około 80-90% oszczędności!\nŻarówka LED może pracować od 15 do nawet 30 razy dłużej niż tradycyjna żarówka. Innymi zaletami źródła światła LED Filament jest niska emisja ciepła, mniejsze ryzyko oparzeń oraz nie odbarwianie koloru ścian. Żarówka jest także odporna na uszkodzenia mechanicznie.\nŹródła zasilania LED Filament są również ekologiczne, ponieważ nie posiadają rtęci ani żadnych substancji szkodliwych dla środowiska.",
   "price": "10,99",
   "image_url": "https://light-home.pl/3133-thickbox_default/zarowka-led-filament-e14-g45-ciepla-4w-35w.jpg"
  },
  {
   "title": "Żarówka LED Filament E27 4W Ozdobna G45",
   "desc": "Żarówka LED Filament 4W Ciepła Barwa\nŻarówka LED, która nada Twoim wnętrzom niepowtarzalnego klimatu. Światło żarówki jest przyjemne dla ludzkiego oka oraz charakteryzuje się wysokim współczynnikiem oddawania barw, przez co pełni role dekoracyjne w pomieszczeniu.\nJakie zalety posiada żarówka LED Filament?\nŻarówka może być wykorzystana wszędzie tam, gdzie chcemy osiągnąć wyjątkowy klimat i magiczny nastrój. Świetnie prezentuje się we wnętrzach LOFT, lampach industrialnych i dekoracyjnych.\nŹródło światła posiada bardzo niskie zużycie energii – nawet 8/9 razy mniejszy pobór mocy w stosunku do zwykłych żarówek. Dzięki temu zyskujemy około 80-90% oszczędności!\nŻarówka LED może pracować od 15 do nawet 30 razy dłużej niż tradycyjna żarówka. Innymi zaletami źródła światła LED Filament jest niska emisja ciepła, mniejsze ryzyko oparzeń oraz nie odbarwianie koloru ścian. Żarówka jest także odporna na uszkodzenia mechanicznie.\nŹródła zasilania LED Filament są również ekologiczne, ponieważ nie posiadają rtęci ani żadnych substancji szkodliwych dla środowiska.",
   "price": "11,99",
   "image_url": "https://light-home.pl/3146-thickbox_default/zarowka-led-filament-e27-4w-ozdobna-g45.jpg"
  },
  {
   "title": "Żarówka LED E14 Zimna Kulka 3W 25W",
   "desc": "Żarówka LED E14 Zimna Barwa 3W 25W\nOświetl swoje wnętrza energooszczędnymi żarówkami LED. Ekologiczne i bezpieczne źródła zasilania do najlepszy wybór dla Twojego domu.\nJakie zalety posiada żarówka LED E14?\nZimna barwa światła sprzyja koncentracji i skupieniu. Dlatego prezentowana żarówka idealnie sprawdzi się do oświetlenia biurka, blatu kuchni i wszystkich innych miejsc, gdzie wykonujesz nieco bardziej wymagające czynności. Żarówki LED pobierają 8-9 razy mniej prądu niż tradycyjne źródła światła. Dzięki nim możesz zyskać aż 80-90% oszczędności!\nNiska emisja ciepła sprawia, że ryzyko oparzeń żarówką jest mniejsze. Źródło światła LED jest również odporne na uszkodzenia mechaniczne, nie odbarwia ścian oraz charakteryzuje się długim czasem życia oprawy.\nDo produkcji żarówek LED nie wykorzystuje się żadnych substancji szkodliwych. Są bardziej niezawodne, bezpieczne i funkcjonalne niż tradycyjne źródła zasilania. Żarówka posiada gwint E14, który pasuje do większości lamp.",
   "price": "6,99",
   "image_url": "https://light-home.pl/3800-thickbox_default/zarowka-led-e14-cieply-kulka-5w-35w.jpg"
  },
  {
   "title": "Żarówka LED GU10 Zimna Kulka 3W 25W",
   "desc": "Żarówka LED GU10 Zimna Barwa Światła 3W 25W\nOświetl swoje wnętrza wysokiej jakości żarówkami LED GU10. Żarówka o mocy 3W i zimnej barwie światła nada się do każdego rodzaju pomieszczenia.\nJakie atuty posiada żarówka LED GU10?\nŻarówka charakteryzuje się niskim poborem prądu, nawet 8-9 razy mniejszym niż zwykłe źródła zasilania. Sprawia to, że zyskujesz aż 80-90% oszczędności.\nŻarówka LED GU10 jest również bardziej trwała i odporna na uszkodzenia mechaniczna niż tradycyjne źródła światła. Niska emisja ciepła zmniejsza ryzyko oparzeń. Żarówka nie odbarwia ścian, a jej oprawa jest niezwykle trwała.\nŻarówka GU10 LED jest ekologiczna, ponieważ nie wykorzystano do jej produkcji żadnych szkodliwych materiałów. Prezentowane źródła światła nie posiada efektu „mrugania”, co pozytywnie wpływa na nasze samopoczucie.",
   "price": "6,99",
   "image_url": "https://light-home.pl/3801-thickbox_default/zarowka-led-gu10-cieplu-kulka-3w-25w.jpg"
  },
  {
   "title": "Żarówka LED E14 Ciepła Kulka 3W 25W",
   "desc": "Żarówka LED E14 Ciepła 3W 25W\nDodaj swoim wnętrzom wyjątkowego klimatu! Ciepła barwa światła żarówki E14 sprawia, że pomieszczenia wyglądają magicznie i nastrojowo.\nJakie atuty posiada żarówka E14 LED?\nŻarówka pobiera 8-9 razy mniej prądu niż tradycyjne źródła światła, dzięki czemu zyskujesz nawet 80-90% oszczędności.\nPrezentowana żarówka charakteryzuje się długim czasem życia oprawy oraz odpornością na uszkodzenia mechaniczne. Ryzyko oparzeń spada, dzięki niskiej emisji ciepła.\nPonadto żarówka LED E14 jest ekologiczna. Do jej produkcji nie wykorzystuje się materiałów szkodliwych dla środowiska. Gwint E14 pasuje do większości rodzajów lamp. Oświetl swój dom żarówkami LED i ciesz się ich niezawodnością oraz energooszczędnością.",
   "price": "6,99",
   "image_url": "https://light-home.pl/3802-thickbox_default/zarowka-led-e14-cieply-kulka-5w-35w.jpg"
  },
  {
   "title": "Żarówka LED E14 Ciepła Kulka 7W 55W",
   "desc": "Żarówka LED E14 Ciepła Barwa 7W 55W\nOświetl swój dom praktycznymi i energooszczędnymi żarówkami LED. Moc żarówki 7W - odpowiednik 55W znakomicie oświetli pomieszczenia zarówno o małej jak i dużej powierzchni.\nJakie zalety posiada żarówka LED E14?\nŻarówki LED są niezwykle energooszczędne. Pobierają aż 8-9 razy mniej prądu niż tradycyjne żarówki. Dzięki nim zyskasz aż 80-90% oszczędności.\nPrezentowana żarówka jest odporna na uszkodzenia mechaniczne i nie odbarwia koloru ścian. Niskie zużycie energii przyczynia się do zmniejszenia ryzyka oparzeń.\nŻarówka E14 LED jest ekologiczna – do jej produkcji nie wykorzystuje się materiałów szkodliwych dla środowiska. Gwint E14 pasuje do większości lamp.",
   "price": "8,99",
   "image_url": "https://light-home.pl/3803-thickbox_default/zarowka-led-e14-cieply-kulka-5w-35w.jpg"
  },
  {
   "title": "Żarówka LED E14 Zimna Kulka 7W 55W",
   "desc": "Żarówka LED E14 Zimna Barwa Światła 7W 55W\nSpraw, by Twoje wnętrza wyglądały magicznie i stylowo! Żarówka LED o zimnej barwie światła wygląda rewelacyjnie w każdym wnętrzu.\nJakie atuty posiada żarówka LED E14?\nŻarówka LED charakteryzuje się niezwykle niskim zużyciem energii. 8-9 razy mniejszy pobór mocy niż tradycyjna żarówka. Wybierając źródła zasilania LED zyskujesz aż 80-90# oszczędności!\nDodatkową zaletą niskiego zużycia energii jest mniejsze ryzyko oparzeń. Ponadto żarówka LED jest odporna na uszkodzenia mechaniczne i nie odbarwia ścian.\nPrezentowana żarówka pozbawiona jest efektu „mrugania”, co polepsza nasze samopoczucie. Źródła światła LED są ekologiczne, ponieważ wykonane z materiałów, które nie szkodzą środowisku.",
   "price": "8,99",
   "image_url": "https://light-home.pl/3804-thickbox_default/zarowka-led-e14-cieply-kulka-5w-35w.jpg"
  },
  {
   "title": "Żarówka LED E27 Neutralna 10W 90W",
   "desc": "Żarówka LED E27 Neutralna Barwa 10W 90W\nCiesz się wspaniale rozświetlonymi wnętrzami dzięki żarówce ledowej o neutralnej barwie światła. Funkcjonalna i energooszczędna żarówka LED będzie oświetlać Twoje mieszkanie przez bardzo długi czas!\nJakie zalety posiadają żarówki ledowe?\nNajwiększym atutem żarówek LED jest ich energooszczędność. Zużywają nawet 8-9 razy mniej energii niż tradycyjne żarówki. Pozwala to uzyskać 80% do 90% oszczędności!\nNeutralna barwa światła jest znakomitym rozwiązaniem dla pomieszczeń, w których nie stawiamy ani na pracę ani na odpoczynek, na przykład: przedpokój.\nNiska emisja ciepła żarówek LED wiąże się z mniejszym ryzykiem oparzeń oraz dłuższą żywotnością oprawy. Ponadto żarówka LED nie odbarwia ścian i jest niezwykle odporna na uszkodzenia mechaniczne.\nW odróżnieniu od zwykłych żarówek do produkcji ledowych nie wykorzystuje się żadnych substancji szkodliwych. LED-y nie posiadają efektu „mrugania”, które wpływa niekorzystnie na nasze samopoczucie.",
   "price": "8,90",
   "image_url": "https://light-home.pl/5251-thickbox_default/zarowka-led-e27-neutralna-10w-60w.jpg"
  },
  {
   "title": "Żarówka LED AR111 GU10 Neutralna",
   "desc": "Żarówka LED GU10 AR111 9W Neutralna\nChcesz funkcjonalnie oświetlić mieszkanie i jednocześnie nadać mu wyjątkowego charakteru? Żarówka LED GU10 o neutralnej barwie światła jest niezwykle trwała, energooszczędna i zapewnia designerski wygląd w pomieszczeniu.\nJakie zalety posiada żarówka LED GU10 neutralna 9W?\nŚwiatło żarówki fantastycznie oświetla wnętrza. Źródło zasilania jest ledowe, co oznacza, że pobiera nawet 8/9 razy mniej energii niż zwykła żarówka. Dzięki temu zyskasz około 80-90% oszczędności na rachunkach za oświetlenie.\nInnymi zaletami żarówki LED GU10 jest niska emisja ciepła, dzięki której zmniejsza się ryzyko oparzeń. Dodatkowo oprawa charakteryzuje znacznie dłuższą żywotnością niż tradycyjne żarówki. Źródło światła LED nie odbarwia koloru ścian i jest odporne na uszkodzenia mechaniczne.\nDo stworzenia żarówki LED GU10 AR111 nie wykorzystano żadnych substancji szkodliwych. Dodatkowo źródło zasilania LED pozbawione jest efektu „mrugania”, które niekorzystnie wpływa na samopoczucie.\nŻarówka GU10 LED 9W AR111 posiada dwa kolory do wyboru – czarny i biały, dzięki czemu dopasujesz barwę do lampy i wystroju pomieszczenia.",
   "price": "19,99",
   "image_url": "https://light-home.pl/6433-thickbox_default/zarowka-led-ar111-gu10-neutralna.jpg"
  },
  {
   "title": "Żarówka LED AR111 GU10 Ciepła",
   "desc": "Żarówka LED GU10 AR111 9W ciepła barwa światła\nSpraw, by Twoje wnętrza były funkcjonalnie oświetlone i by zachwycały wyjątkowym nastrojem. Z żarówką LED GU10 AR111 o ciepłej barwie światła osiągniesz właśnie taki efekt.\nJakie zalety posiada żarówka GU10 LED 9W AR111?\nNajwiększą zaletą żarówek LED jest ich niskie zużycie energii – nawet 8/9 razy mniejsze w stosunku do tradycyjnych źródeł światła. Dzięki temu zyskasz około 80-90% oszczędności na rachunkach za oświetlenie. Ponadto żarówka LED GU10 ma niską emisję ciepła, co zmniejsza ryzyko oparzeń.\nŹródło światła LED GU10 AR111 nie odbarwia koloru ścian i jest odporne na uszkodzenia mechaniczne. Do produkcji żarówki nie wykorzystano żadnych substancji szkodliwych. Źródło zasilania nie posiada efektu „mrugania”, które źle wpływa na nasze samopoczucie.\nŻarówka LED GU10 AR111 posiada ciepłą barwę światła, dzięki czemu idealnie nadaje się do sypialni, łazienki lub do salonu jako oświetlenie dekoracyjne. Ciepła temperatura barwowa umożliwia nam relaks i stwarza przytulny klimat w pomieszczeniu. Żarówka LED GU10 AR111 dostępna jest w wersji czarnej i białej, dzięki czemu dopasujesz ją do wystroju pokoju oraz lampy.",
   "price": "19,99",
   "image_url": "https://light-home.pl/6435-thickbox_default/zarowka-led-ar111-gu10-ciepla.jpg"
  },
  {
   "title": "Żarówka LED FILAMENT A60 E27 6W 48W Neutralna",
   "desc": "Żarówka LED Filament 6W 48W Neutralna Barwa\nPrezentowana żarówka LED Filament nada Twoim wnętrzom wyjątkowego charakteru. Światło źródła zasilania jest barwy neutralnej, dzięki czemu świetnie oddaje kolory wnętrz i pasuje każdego rodzaju pomieszczenia.\nJakie zalety posiada żarówka LED Filament 6W neutralna?\nŻarówką o mocy 6W i neutralnej barwie światła możesz oświetlić sypialnię, salon, jadalnię, kuchnię czy biuro. Lampa z prezentowanym źródłem zasilania nada oryginalności i funkcjonalnie oświetli każde wnętrze.\nŻarówka LED posiada bardzo niskie zużycie energii – nawet 8/9 razy mniejszy pobór mocy w stosunku do tradycyjnych żarówek. Dzięki temu zyskujemy około 80-90% oszczędności!\nŻarówka LED może pracować od 15 do nawet 30 razy dłużej niż zwykła żarówka. Źródło światła jest odporne na uszkodzenia mechaniczne. Żarówka LED Filament jest ekologiczna, bo nie posiada rtęci ani innych substancji szkodzących. Innymi walorami źródła zasilania LED jest niska emisja ciepła, mniejsze ryzyko oparzeń oraz nie odbarwianie koloru ścian.",
   "price": "13,99",
   "image_url": "https://light-home.pl/7154-thickbox_default/zarowka-led-filament-a60-e27-6w-48w-neutralna.jpg"
  }
 ]
}